City_ID,City,Country,Lat,Lng,Max Temp,Humidity,Cloudiness,Wind Speed,Weather Description
0,Lisakovsk,KZ,52.5369,62.4936,41.77,71,100,12.1,overcast clouds
1,Kapaa,US,22.0752,-159.319,80.58,85,20,16.11,few clouds
2,Jamestown,US,42.097,-79.2353,35.19,49,100,11.5,overcast clouds
3,Chake Chake,TZ,-5.2459,39.7666,79.14,73,12,6.08,few clouds
4,Bumba,CD,2.1833,22.4667,70.18,96,98,3.8,light rain
5,Pedasi,PA,7.5333,-80.0333,78.06,84,100,15.46,overcast clouds
6,Bathsheba,BB,13.2167,-59.5167,79.41,73,40,20.71,scattered clouds
7,Nabire,ID,-3.3667,135.4833,84.67,72,38,4.47,scattered clouds
8,Busselton,AU,-33.65,115.3333,63.39,75,74,12.86,light rain
9,Punta Arenas,CL,-53.15,-70.9167,46.51,71,75,13.8,broken clouds
10,Vardo,NO,70.3705,31.1107,34.39,79,26,19.17,scattered clouds
11,Cape Town,ZA,-33.9258,18.4232,62.89,72,0,4.61,clear sky
12,Shima,CN,24.4478,117.8111,80.62,48,2,2.33,clear sky
13,Port Alfred,ZA,-33.5906,26.891,62.19,96,100,8.01,light rain
14,Adrar,MR,20.5022,-10.0711,73.38,8,0,8.84,clear sky
15,Petropavlovsk-Kamchatskiy,RU,53.0452,158.6483,37.99,38,0,8.95,clear sky
16,San Patricio,US,28.017,-97.5169,71.49,61,86,18.84,overcast clouds
17,Iranshahr,IR,27.2025,60.6848,73.74,18,73,4.61,broken clouds
18,Barrow,US,71.2906,-156.7887,-5.78,71,0,5.75,clear sky
19,Fairbanks,US,64.8378,-147.7164,20.3,40,0,6.91,clear sky
20,Vaini,TO,-21.2,-175.2,82.56,78,75,9.22,broken clouds
21,Ushuaia,AR,-54.8,-68.3,46.06,71,75,24.16,broken clouds
22,Zhigansk,RU,66.7697,123.3711,12.87,80,14,16.11,few clouds
23,Albany,US,42.6001,-73.9662,41.52,80,16,5.79,few clouds
24,Vostok,RU,46.4856,135.8833,48.04,64,98,5.66,overcast clouds
25,Bethel,US,41.3712,-73.414,45.54,87,75,3.44,broken clouds
26,Ilulissat,GL,69.2167,-51.1,8.62,72,74,0.0,broken clouds
27,Hilo,US,19.7297,-155.09,72.25,93,100,5.75,mist
28,Yazman,PK,29.1212,71.7446,92.26,8,4,6.46,clear sky
29,Gurupi,BR,-11.7292,-49.0686,76.17,70,10,2.68,clear sky
30,Bloomington,US,44.8408,-93.2983,47.1,46,0,6.91,clear sky
31,Butaritari,KI,3.0707,172.7902,80.49,81,98,12.59,light rain
32,Lompoc,US,34.6391,-120.4579,57.85,73,0,28.01,haze
33,Pisco,PE,-13.7,-76.2167,67.01,82,0,9.22,clear sky
34,Cherskiy,RU,68.75,161.3,1.44,86,100,6.08,overcast clouds
35,Marovoay,MG,-16.1,46.6333,71.28,80,50,4.83,scattered clouds
36,Cavalcante,BR,-13.7975,-47.4583,73.81,60,53,1.23,broken clouds
37,Puerto Ayora,EC,-0.7393,-90.3518,78.04,87,72,5.68,broken clouds
38,Alice Springs,AU,-23.7,133.8833,87.35,14,32,5.75,scattered clouds
39,Gravdal,NO,68.1214,13.5031,37.69,96,100,11.27,overcast clouds
40,Bambous Virieux,MU,-20.3428,57.7575,77.25,83,75,8.05,light rain
41,Broken Hill,AU,-31.95,141.4333,81.41,29,0,2.73,clear sky
42,Namibe,AO,-15.1961,12.1522,70.54,78,23,2.55,few clouds
43,Tasiilaq,GL,65.6145,-37.6368,21.36,92,97,3.56,overcast clouds
44,Vila Velha,BR,-20.3297,-40.2925,80.55,89,0,9.22,clear sky
45,Cairns,AU,-16.9167,145.7667,91.11,58,19,16.11,few clouds
46,Arraial Do Cabo,BR,-22.9661,-42.0278,75.69,90,85,7.72,overcast clouds
47,Mangrol,IN,21.1167,70.1167,83.07,61,0,5.82,clear sky
48,Ostrovnoy,RU,68.0531,39.5131,28.71,86,27,11.99,scattered clouds
49,Bredasdorp,ZA,-34.5322,20.0403,59.41,93,14,10.31,few clouds
50,Tombouctou,ML,20.0,-3.0,73.92,9,0,12.24,clear sky
51,Rikitea,PF,-23.1203,-134.9692,79.0,72,8,17.31,light rain
52,Avarua,CK,-21.2078,-159.775,84.25,74,94,8.63,overcast clouds
53,Mataura,NZ,-46.1927,168.8643,62.44,50,13,4.61,few clouds
54,Camacha,PT,33.0833,-16.3333,58.42,72,20,12.66,few clouds
55,Izberbash,RU,42.5696,47.8645,46.45,68,3,3.76,clear sky
56,Bluff,NZ,-46.6,168.3333,58.05,74,8,23.64,clear sky
57,Nosy Varika,MG,-20.5833,48.5333,74.01,85,85,3.11,light rain
58,Tuktoyaktuk,CA,69.4541,-133.0374,3.2,85,75,19.57,broken clouds
59,Iqaluit,CA,63.7506,-68.5145,20.93,85,100,9.22,light snow
60,Lebu,CL,-37.6167,-73.65,49.84,82,36,3.44,scattered clouds
61,Berlevag,NO,70.8578,29.0864,33.6,82,72,12.5,broken clouds
62,Kavieng,PG,-2.5744,150.7967,84.7,68,99,8.66,overcast clouds
63,Komsomolskiy,UZ,40.4272,71.7189,70.52,49,94,0.0,overcast clouds
64,Yatou,CN,37.15,122.3833,62.89,56,5,19.66,clear sky
65,Fortuna,US,40.5982,-124.1573,48.65,78,20,14.97,few clouds
66,Magugu,TZ,-4.0167,35.7667,62.17,89,96,3.04,overcast clouds
67,Yellowknife,CA,62.456,-114.3525,21.72,78,20,17.27,few clouds
68,Atuona,PF,-9.8,-139.0333,79.45,73,5,20.38,clear sky
69,Makokou,GA,0.5738,12.8642,69.37,96,100,0.83,overcast clouds
70,Bissau,GW,11.8636,-15.5977,74.48,62,20,8.43,few clouds
71,Necochea,AR,-38.5473,-58.7368,59.36,94,90,11.68,overcast clouds
72,Hermanus,ZA,-34.4187,19.2345,61.81,90,0,13.87,clear sky
73,Juneau,US,58.3019,-134.4197,42.8,91,20,6.91,few clouds
74,Narsaq,GL,60.9167,-46.05,30.42,58,74,4.74,broken clouds
75,Kendari,ID,-3.945,122.4989,87.46,55,98,4.32,overcast clouds
76,Nikolskoye,RU,59.7035,30.7861,34.72,93,40,6.44,scattered clouds
77,Faanui,PF,-16.4833,-151.75,82.27,72,17,13.51,light rain
78,Awjilah,LY,29.1081,21.2869,68.47,24,80,5.41,broken clouds
79,Esperance,AU,-33.8667,121.9,62.82,56,89,13.67,overcast clouds
80,Khandbari,NP,27.3747,87.2039,70.81,68,61,0.76,broken clouds
81,Airai,TL,-8.9266,125.4092,76.21,37,89,3.51,overcast clouds
82,Bengkulu,ID,-3.8004,102.2655,84.04,66,44,3.22,scattered clouds
83,Ripoll,ES,42.2006,2.1903,46.8,79,100,2.19,overcast clouds
84,Provideniya,RU,64.3833,-173.3,32.85,90,100,17.65,overcast clouds
85,Eureka,US,40.8021,-124.1637,48.92,78,77,10.0,broken clouds
86,Nesna,NO,66.1967,13.0213,38.66,84,100,11.12,overcast clouds
87,Norman Wells,CA,65.282,-126.8329,14.04,57,75,12.66,broken clouds
88,Hobart,AU,-42.8794,147.3294,78.66,42,0,16.11,clear sky
89,Tambun,ID,-6.2641,107.0712,91.85,51,52,1.25,broken clouds
90,Gizo,SB,-8.103,156.8419,84.78,65,100,2.06,overcast clouds
91,Kodiak,US,57.79,-152.4072,40.51,30,0,6.91,clear sky
92,Sanchor,IN,24.7553,71.7722,84.31,45,27,6.78,scattered clouds
93,Mayo,US,38.8876,-76.5119,49.17,62,0,14.97,clear sky
94,Bucerias,MX,20.75,-105.3333,75.18,83,0,3.44,clear sky
95,Saint-Philippe,RE,-21.3585,55.7679,78.39,84,56,12.88,light rain
96,Bardsir,IR,29.9227,56.5743,61.68,17,100,5.99,overcast clouds
97,Hambantota,LK,6.1241,81.1185,82.36,74,96,13.62,overcast clouds
98,Mahebourg,MU,-20.4081,57.7,77.29,83,75,8.05,broken clouds
99,Hasaki,JP,35.7333,140.8333,75.6,63,0,6.4,clear sky
100,Phon,TH,15.816,102.5998,88.36,31,40,3.47,scattered clouds
101,Geraldton,AU,-28.7667,114.6,72.01,49,40,11.5,scattered clouds
102,New Norfolk,AU,-42.7826,147.0587,78.3,38,99,5.01,light rain
103,Kupang,ID,-10.1667,123.5833,84.67,64,100,5.46,overcast clouds
104,Spornoye,RU,50.8448,37.2913,47.44,85,98,12.33,overcast clouds
105,Chokurdakh,RU,70.6333,147.9167,-2.94,92,98,4.85,overcast clouds
106,Catia La Mar,VE,10.6038,-67.0303,81.5,83,20,0.0,few clouds
107,Ribeira Grande,PT,38.5167,-28.7,56.55,69,75,34.74,broken clouds
108,Upernavik,GL,72.7868,-56.1549,-8.34,98,29,3.42,scattered clouds
109,Usinsk,RU,65.9939,57.5281,35.13,100,100,17.83,overcast clouds
110,Key Largo,US,25.0865,-80.4473,69.98,59,4,19.06,clear sky
111,Saldanha,ZA,-33.0117,17.9442,62.65,58,0,7.7,clear sky
112,Gorontalo,ID,0.5412,123.0595,88.27,59,99,5.59,overcast clouds
113,Tafo,GH,6.7345,-1.6127,69.24,92,100,3.51,overcast clouds
114,Qaanaaq,GL,77.484,-69.3632,-2.0,91,100,5.44,overcast clouds
115,Puerto Escondido,MX,15.85,-97.0667,81.43,69,40,3.44,scattered clouds
116,Aksarka,RU,66.5606,67.7975,24.33,96,100,8.03,light snow
117,Newport,GB,51.5877,-2.9984,37.67,81,98,3.94,overcast clouds
118,Zeya,RU,53.75,127.2667,34.74,54,100,8.43,overcast clouds
119,Nishihara,JP,26.1842,127.7558,76.68,88,100,14.97,mist
120,Luderitz,NA,-26.6481,15.1594,63.5,64,0,4.9,clear sky
121,Hervey Bay,AU,-25.2986,152.8535,81.01,70,87,5.99,overcast clouds
122,Yangjiang,CN,21.85,111.9667,77.79,47,0,5.95,clear sky
123,Padang,ID,-0.9492,100.3543,87.85,59,61,4.25,broken clouds
124,Ossora,RU,59.2353,163.0719,28.65,76,100,2.55,overcast clouds
125,Castro,BR,-24.7911,-50.0119,63.5,90,99,1.86,overcast clouds
126,Cockburn Town,TC,21.4612,-71.1419,78.58,77,98,14.32,overcast clouds
127,Isangel,VU,-19.55,169.2667,87.91,74,20,4.61,few clouds
128,Shingu,JP,33.7333,135.9833,70.18,48,11,5.06,few clouds
129,Nome,US,64.5011,-165.4064,32.16,93,100,12.66,mist
130,Thinadhoo,MV,0.5333,72.9333,84.02,66,75,9.86,broken clouds
131,Labytnangi,RU,66.6572,66.4183,22.57,95,100,1.25,light snow
132,Bagdarin,RU,54.4333,113.6,29.01,77,100,4.56,light snow
133,Stepnyak,KZ,52.8339,70.7803,37.98,63,73,11.86,broken clouds
134,Cidreira,BR,-30.1811,-50.2056,69.76,90,58,8.88,broken clouds
135,Darhan,MN,49.4867,105.9228,41.5,49,100,9.13,overcast clouds
136,Saint George,US,37.1041,-113.5841,79.39,7,0,12.66,clear sky
137,Orodara,BF,10.9492,-4.9342,82.85,48,66,9.6,broken clouds
138,Alyangula,AU,-13.8483,136.4192,88.97,51,100,1.7,overcast clouds
139,Monterey,US,36.2505,-121.2516,61.18,39,0,9.24,clear sky
140,Basoko,CD,1.2391,23.616,70.61,89,99,3.0,light rain
141,Ilhabela,BR,-23.7781,-45.3581,74.43,89,88,2.59,overcast clouds
142,Gold Coast,AU,-28.0,153.4333,83.89,74,40,12.66,scattered clouds
143,Batticaloa,LK,7.7102,81.6924,80.83,76,100,3.22,overcast clouds
144,Kaeo,NZ,-35.1,173.7833,71.33,68,87,10.13,overcast clouds
145,Haines Junction,CA,60.7522,-137.5108,30.15,43,81,11.5,broken clouds
146,Teahupoo,PF,-17.8333,-149.2667,80.56,76,55,15.95,light rain
147,Sao Filipe,CV,14.8961,-24.4956,73.45,73,8,13.15,clear sky
148,Sacramento,US,38.4666,-121.3177,69.85,15,0,12.66,clear sky
149,Constitucion,CL,-35.3333,-72.4167,52.56,94,5,5.86,clear sky
150,Thompson,CA,55.7435,-97.8558,33.96,93,100,6.91,overcast clouds
151,Tessalit,ML,20.1986,1.0114,74.59,7,52,10.25,broken clouds
152,Vasilsursk,RU,56.1275,46.0072,37.78,98,100,5.1,overcast clouds
153,Dudinka,RU,69.4058,86.1778,-3.39,96,98,5.21,overcast clouds
154,Abu Samrah,SY,35.3029,37.1841,55.08,62,99,4.9,overcast clouds
155,Garissa,KE,-0.4536,39.6401,78.57,81,16,12.48,few clouds
156,Waipawa,NZ,-41.4122,175.5153,61.45,64,40,1.41,scattered clouds
157,Dobryanka,RU,58.4619,56.4165,38.73,95,100,10.02,overcast clouds
158,Chulym,RU,55.0997,80.9572,31.91,84,100,5.39,overcast clouds
159,Severo-Kurilsk,RU,50.6789,156.125,31.32,74,100,7.23,overcast clouds
160,Half Moon Bay,US,37.4636,-122.4286,63.86,62,0,20.71,clear sky
161,Lata,PT,40.1629,-8.3327,48.92,96,99,3.27,overcast clouds
162,Celestun,MX,20.8667,-90.4,72.16,58,47,19.55,scattered clouds
163,Svetlyy,RU,54.675,20.1347,39.25,74,50,20.62,scattered clouds
164,Nisia Floresta,BR,-6.0911,-35.2086,77.81,91,82,7.11,broken clouds
165,Oussouye,SN,12.485,-16.5469,73.58,65,4,9.13,clear sky
166,Patos,BR,-7.0244,-37.28,74.91,82,53,6.71,broken clouds
167,Mar Del Plata,AR,-38.0023,-57.5575,66.09,95,100,15.01,overcast clouds
168,Georgetown,MY,5.4112,100.3354,87.75,74,20,4.61,thunderstorm
169,Vysha,RU,53.8477,42.3777,43.92,93,80,9.1,broken clouds
170,Narbonne,FR,43.0833,2.8333,41.32,65,7,3.62,clear sky
171,Coreau,BR,-3.5333,-40.6567,72.82,92,100,1.5,overcast clouds
172,Coquimbo,CL,-29.9533,-71.3436,53.33,93,0,3.44,clear sky
173,Tual,ID,-5.6667,132.75,84.36,73,72,13.2,broken clouds
174,Saskylakh,RU,71.9167,114.0833,1.69,88,21,2.66,few clouds
175,Desaguadero,PE,-16.5656,-69.0417,44.96,81,91,7.96,overcast clouds
176,Chihuahua,MX,28.5,-106.0,77.83,31,100,17.34,overcast clouds
177,Klaksvik,FO,62.2266,-6.589,32.92,63,99,20.76,overcast clouds
178,Mount Gambier,AU,-37.8333,140.7667,81.27,27,100,12.57,overcast clouds
179,Tiksi,RU,71.6872,128.8694,-6.12,93,74,7.36,broken clouds
180,Oum Hadjer,TD,13.2954,19.6966,86.65,19,71,2.84,broken clouds
181,Jacareacanga,BR,-6.2222,-57.7528,72.82,98,54,1.57,broken clouds
182,Chuy,UY,-33.6971,-53.4616,64.53,92,24,7.7,few clouds
183,Limache,CL,-33.0167,-71.2667,58.14,75,2,1.12,clear sky
184,Kaitangata,NZ,-46.2817,169.8464,63.03,52,15,7.2,few clouds
185,Robertsport,LR,6.7533,-11.3686,78.87,89,100,8.81,light rain
186,Honiara,SB,-9.4333,159.95,85.82,69,95,5.44,overcast clouds
187,Pindi Bhattian,PK,31.8978,73.273,87.96,18,0,5.73,clear sky
188,Khatanga,RU,71.9667,102.5,10.58,92,98,1.14,overcast clouds
189,Kysyl-Syr,RU,63.8986,122.7617,25.56,84,100,6.8,overcast clouds
190,Osakarovka,KZ,50.565,72.5692,34.41,62,98,15.05,overcast clouds
191,Wuwei,CN,37.9281,102.6414,71.47,9,0,0.72,clear sky
192,Sembakung,ID,3.8167,117.25,88.99,51,100,5.53,overcast clouds
193,Zolotukhino,RU,52.0842,36.3772,51.87,84,100,12.48,overcast clouds
194,Yerbogachen,RU,61.2767,108.0108,28.78,79,12,9.78,few clouds
195,Manaure,CO,11.7751,-72.4445,78.73,77,100,16.73,overcast clouds
196,Broome,US,42.2506,-75.833,40.19,80,0,8.05,clear sky
197,Yelnya,RU,54.5786,33.1837,36.79,95,100,7.4,overcast clouds
198,La Sarre,CA,48.8002,-79.1996,27.36,95,90,5.66,overcast clouds
199,Ashland,US,40.8167,-82.2665,37.36,80,75,10.83,broken clouds
200,Muyezerskiy,RU,63.9333,31.65,32.07,94,99,7.58,overcast clouds
201,Goderich,CA,43.7501,-81.7165,34.92,86,100,2.3,overcast clouds
202,Razole,IN,16.4833,81.8333,87.71,61,79,4.72,broken clouds
203,Martapura,ID,-3.4167,114.85,86.09,74,40,4.61,scattered clouds
204,Kralendijk,BQ,12.15,-68.2667,78.78,78,20,17.27,few clouds
205,High Prairie,CA,55.4334,-116.4858,30.78,66,100,16.89,overcast clouds
206,Nioro,GM,13.35,-15.75,80.33,19,4,6.51,clear sky
207,Hithadhoo,MV,-0.6,73.0833,82.85,73,53,9.08,broken clouds
208,San Joaquin,US,37.9333,-121.3011,70.05,12,0,13.8,clear sky
209,Edd,ER,13.9297,41.6925,85.32,38,0,16.06,clear sky
210,Poso,ID,-1.3959,120.7524,88.21,57,98,4.03,overcast clouds
211,Vao,NC,-22.6667,167.4833,77.68,82,48,23.64,scattered clouds
212,Tamandare,BR,-8.7597,-35.1047,78.19,82,57,7.11,broken clouds
213,Katsuura,JP,35.1333,140.3,68.49,64,0,7.92,clear sky
214,Alencon,FR,48.4333,0.0833,33.31,89,41,1.83,scattered clouds
215,Bairiki,KI,1.3292,172.9752,86.0,74,75,9.22,light rain
216,Lasa,IT,46.6166,10.7002,30.69,91,46,5.93,scattered clouds
217,Dingle,PH,10.9995,122.6711,75.92,92,100,4.9,moderate rain
218,Alofi,NU,-19.0595,-169.9187,85.89,74,42,4.61,scattered clouds
219,Labuhan,ID,-6.8844,112.2051,84.0,71,59,5.5,broken clouds
220,Iset,RU,56.9779,60.3718,33.31,98,100,5.26,overcast clouds
221,Huilong,CN,31.8111,121.655,66.06,77,100,17.65,overcast clouds
222,Hostinne,CZ,50.5407,15.7233,35.35,92,21,6.33,few clouds
223,Grand Gaube,MU,-20.0064,57.6608,77.4,84,7,5.01,clear sky
224,Pomabamba,PE,-8.8333,-77.4667,51.44,88,100,2.59,light rain
225,Xining,CN,36.6167,101.7667,59.5,12,0,0.87,clear sky
226,Waling,NP,27.9833,83.7667,80.01,43,0,3.49,clear sky
227,Rio Grande,BR,-32.035,-52.0986,66.94,92,0,9.95,clear sky
228,Mandan,US,46.8267,-100.8896,50.95,43,100,10.0,overcast clouds
229,Rocha,UY,-34.4833,-54.3333,65.5,86,100,5.46,overcast clouds
230,Nanzhang,CN,31.7765,111.8386,83.32,40,0,5.06,clear sky
231,Port Hardy,CA,50.6996,-127.4199,39.2,81,75,4.61,broken clouds
232,Axim,GH,4.8699,-2.2405,80.08,86,97,4.99,overcast clouds
233,Sao Paulo De Olivenca,BR,-3.3783,-68.8725,74.68,98,100,2.04,overcast clouds
234,Pacific Grove,US,36.6177,-121.9166,60.55,73,75,5.75,broken clouds
235,Lipin Bor,RU,60.2622,37.9763,36.1,97,100,9.55,overcast clouds
236,Tiarei,PF,-17.5333,-149.3333,86.02,75,35,14.61,light rain
237,Jhalida,IN,23.3667,85.9667,90.52,23,5,5.77,clear sky
238,Nizhnevartovsk,RU,60.9344,76.5531,12.22,73,0,2.24,clear sky
239,Santa Cruz,BO,-17.8,-63.1667,76.46,88,75,5.75,broken clouds
240,Ponta Do Sol,PT,32.6667,-17.1,62.71,75,32,8.14,scattered clouds
241,Codrington,AU,-38.2667,141.9667,82.47,31,100,16.08,overcast clouds
242,Ipoti,NG,7.8738,5.0769,69.73,94,100,4.54,overcast clouds
243,Te Anau,NZ,-45.4167,167.7167,64.26,47,9,3.58,clear sky
244,Galveston,US,29.3669,-94.9669,69.96,83,0,9.22,clear sky
245,Longyearbyen,SJ,78.2186,15.6401,15.64,67,20,23.02,few clouds
246,Maryville,US,35.7565,-83.9705,41.09,74,20,3.0,few clouds
247,Kalghatgi,IN,15.1833,74.9667,78.12,74,100,5.66,overcast clouds
248,Margate,GB,51.3813,1.3862,42.69,77,54,4.99,broken clouds
249,Mtambile,TZ,-5.3833,39.7,81.41,70,13,7.43,few clouds
250,La Tuque,CA,47.4334,-72.7824,32.25,93,100,1.14,overcast clouds
251,Umba,RU,66.6871,34.3429,30.27,92,25,13.38,scattered clouds
252,Ardakan,IR,32.31,54.0175,69.37,18,0,3.94,clear sky
253,Kushima,JP,31.4583,131.2333,72.12,50,70,7.29,broken clouds
254,Srednekolymsk,RU,67.45,153.6833,4.01,79,100,6.78,overcast clouds
255,Bayan,CN,46.0833,127.4,68.88,39,100,21.16,overcast clouds
256,Yershichi,RU,53.6725,32.7542,37.13,95,100,6.8,overcast clouds
257,Thunder Bay,CA,48.4001,-89.3168,30.29,83,0,2.3,clear sky
258,Nelson Bay,AU,-32.7167,152.15,77.09,71,29,5.7,scattered clouds
259,Ternate,ID,0.8,127.4,83.1,76,99,9.75,overcast clouds
260,Aklavik,CA,68.2191,-135.0107,7.39,90,100,7.67,overcast clouds
261,Nhulunbuy,AU,-12.2333,136.7667,93.81,46,15,14.97,few clouds
262,Sao Miguel Do Araguaia,BR,-13.275,-50.1628,74.55,80,23,2.71,few clouds
263,Matagami,CA,49.7502,-77.6328,26.71,93,100,6.91,overcast clouds
264,Payo,ID,-3.7508,103.6372,86.56,59,92,2.04,overcast clouds
265,Coihaique,CL,-45.5752,-72.0662,51.75,66,40,3.44,scattered clouds
266,Carnarvon,AU,-24.8667,113.6333,78.87,36,47,13.8,scattered clouds
267,Asau,RO,46.4333,26.4,38.32,96,100,5.66,overcast clouds
268,Yerofey Pavlovich,RU,53.9667,121.9667,33.03,51,100,10.85,overcast clouds
269,Kampene,CD,-3.6,26.6667,66.24,97,99,1.25,overcast clouds
270,Bo Rai,TH,12.5728,102.5371,89.65,47,7,2.21,clear sky
271,Cabo San Lucas,MX,22.8909,-109.9124,71.62,78,3,11.99,clear sky
272,Victoria,HK,22.2855,114.1577,79.95,63,0,4.0,clear sky
273,Zatoka,UA,46.0725,30.4654,50.74,83,56,11.21,broken clouds
274,Pevek,RU,69.7008,170.3133,-7.49,84,22,3.29,few clouds
275,Sioux Lookout,CA,50.1001,-91.917,37.47,35,100,4.61,overcast clouds
276,Parabel,RU,58.6978,81.4825,13.51,86,100,7.99,overcast clouds
277,Ambilobe,MG,-13.2,49.05,71.24,95,60,2.57,broken clouds
278,Diego De Almagro,CL,-26.3667,-70.05,58.77,53,0,1.68,clear sky
279,Mezen,RU,65.8522,44.24,30.97,95,95,5.99,overcast clouds
280,Bulgan,MN,48.8125,103.5347,32.36,90,100,9.37,snow
281,Sun City West,US,33.662,-112.3413,86.81,13,0,8.99,clear sky
282,Hovd,MN,48.0056,91.6419,32.49,36,1,2.1,clear sky
283,Ganzhou,CN,28.8184,115.4327,76.05,50,100,5.77,overcast clouds
284,Leshukonskoye,RU,64.8989,45.7622,33.87,96,100,5.37,overcast clouds
285,Molochnoye,RU,59.2917,39.6787,37.63,94,100,13.76,overcast clouds
286,Salisbury,GB,51.0693,-1.7957,34.57,86,94,1.14,overcast clouds
287,Auray,FR,47.6703,-2.9918,46.74,82,25,8.41,scattered clouds
288,Baijiantan,CN,45.6333,85.1833,58.03,20,95,6.53,overcast clouds
289,Waingapu,ID,-9.6567,120.2641,85.24,61,62,3.89,broken clouds
290,Campbell River,CA,50.0163,-125.2446,42.46,87,100,4.61,overcast clouds
291,Port Arthur,CN,38.8,121.2667,64.62,70,1,10.71,clear sky
292,Hwange,ZW,-18.3693,26.5019,67.32,71,100,6.17,overcast clouds
293,Zhanaozen,KZ,43.3,52.8,54.39,58,100,4.92,overcast clouds
294,Shimoda,JP,34.6667,138.95,75.11,64,0,5.59,clear sky
295,Belmonte,BR,-15.8631,-38.8828,77.02,80,23,5.1,few clouds
296,Tripoli,LY,32.8752,13.1875,62.2,50,99,2.75,overcast clouds
297,East London,ZA,-33.0153,27.9116,63.54,94,75,16.11,light rain
298,Ola,RU,59.5833,151.2833,28.15,72,65,3.49,broken clouds
299,Cascavel,BR,-24.9558,-53.4553,65.66,89,100,3.15,overcast clouds
300,Sao Joao Da Barra,BR,-21.6403,-41.0511,76.91,90,100,7.07,heavy intensity rain
301,Vestmannaeyjar,IS,63.4427,-20.2734,39.2,77,100,28.92,overcast clouds
302,Toamasina,MG,-18.1667,49.3833,73.4,88,40,8.05,scattered clouds
303,Wangou,CN,42.0623,126.9127,67.69,43,58,15.84,broken clouds
304,Paamiut,GL,61.994,-49.6678,24.62,73,99,6.91,overcast clouds
305,Pangai,TO,-19.8,-174.35,84.31,70,40,4.61,scattered clouds
306,Riyadh,SA,24.6877,46.7219,71.74,19,74,9.64,broken clouds
307,Nouakchott,MR,18.0858,-15.9785,66.13,77,7,14.07,clear sky
308,Omboue,GA,-1.5746,9.2618,74.17,93,100,2.68,overcast clouds
309,Abha,SA,18.2164,42.5053,58.82,44,0,0.0,clear sky
310,Iquitos,PE,-3.7481,-73.2472,77.04,100,100,1.14,heavy intensity rain
311,Port Elizabeth,ZA,-33.918,25.5701,66.09,92,75,13.8,broken clouds
312,Amapa,BR,1.0,-52.0,72.91,99,100,3.24,light rain
313,Strezhevoy,RU,60.7333,77.5889,11.17,86,100,3.76,overcast clouds
314,Souillac,MU,-20.5167,57.5167,77.38,83,75,8.05,light rain
315,Pemba,MZ,-12.974,40.5178,74.73,84,0,9.91,clear sky
316,Solnechnyy,RU,50.7214,136.6319,32.88,88,100,3.8,light snow
317,Hualmay,PE,-11.0964,-77.6139,69.08,84,99,6.71,overcast clouds
318,Ixtapa,MX,20.7,-105.2,74.43,83,0,3.44,clear sky
319,Sosnogorsk,RU,63.6023,53.8817,35.69,99,100,7.38,overcast clouds
320,Zabolotovka,RU,50.2737,39.3147,47.73,85,44,10.0,scattered clouds
321,Jasper,US,37.2001,-94.3502,60.85,32,0,10.36,clear sky
322,Fukue,JP,32.6881,128.8419,68.36,73,75,14.97,broken clouds
323,Roseburg,US,43.2165,-123.3417,48.31,46,0,6.91,clear sky
324,Henties Bay,NA,-22.116,14.2845,60.55,76,0,3.8,clear sky
325,Ancud,CL,-41.8697,-73.8203,45.23,83,12,2.28,light rain
326,Raudeberg,NO,61.9875,5.1352,38.07,81,100,31.7,overcast clouds
327,Blagoyevo,RU,63.3667,47.9167,36.99,98,100,9.1,overcast clouds
328,Chuncheng,CN,22.1731,111.7886,81.86,34,0,3.53,clear sky
329,Kidal,ML,18.4411,1.4078,80.64,7,0,13.31,clear sky
330,Caraballeda,VE,10.6112,-66.8522,81.37,74,20,0.0,few clouds
331,Anadyr,RU,64.75,177.4833,36.1,74,0,26.84,clear sky
332,Worthing,GB,50.8145,-0.3713,41.7,80,50,1.99,scattered clouds
333,Chipinge,ZW,-20.1883,32.6236,58.89,98,100,4.0,light rain
334,Perth,AU,-31.9333,115.8333,72.79,50,40,14.97,scattered clouds
335,Ahipara,NZ,-35.1667,173.1667,68.32,67,88,6.46,overcast clouds
336,Inhambane,MZ,-23.865,35.3833,74.59,75,100,15.26,overcast clouds
337,La Ronge,CA,55.1001,-105.2842,35.85,80,75,9.22,broken clouds
338,Baragua,CU,21.6967,-78.6328,69.62,70,35,9.75,scattered clouds
339,Yar-Sale,RU,66.8333,70.8333,14.16,93,100,9.28,overcast clouds
340,Toowoomba,AU,-27.55,151.9667,74.25,66,0,4.0,clear sky
341,Praxedis Guerrero,MX,31.3667,-106.0167,78.26,12,22,18.84,few clouds
342,Hamilton,US,39.1834,-84.5333,39.83,77,100,5.75,overcast clouds
343,The Valley,AI,18.217,-63.0578,78.66,74,95,15.84,overcast clouds
344,Bonavista,CA,48.6499,-53.1147,35.83,98,100,16.78,moderate rain
345,Semey,KZ,50.4111,80.2275,41.22,52,0,6.71,clear sky
346,Kamenskiy,RU,50.8855,45.488,45.16,94,25,2.48,scattered clouds
347,Beira,MZ,-19.8436,34.8389,75.29,94,100,12.66,light intensity drizzle
348,Nanortalik,GL,60.1432,-45.2371,29.19,84,64,3.53,broken clouds
349,Afantou,GR,36.2935,28.1623,62.82,88,20,3.44,few clouds
350,Srandakan,ID,-7.9386,110.2506,82.65,73,100,3.31,overcast clouds
351,Ust-Kut,RU,56.7938,105.7672,33.22,81,100,2.57,light snow
352,Naze,JP,28.3667,129.4833,68.92,88,92,11.3,overcast clouds
353,Valleyview,CA,55.0667,-117.2859,35.64,51,100,13.8,overcast clouds
354,Mata,PT,40.683,-7.4592,48.96,98,90,3.04,overcast clouds
355,Olafsvik,IS,64.8945,-23.7142,37.78,94,100,27.36,overcast clouds
356,Pangnirtung,CA,66.1451,-65.7125,14.0,79,100,5.75,overcast clouds
357,Groton,US,41.3501,-72.0784,46.74,73,0,8.05,clear sky
358,Muzhi,RU,65.3667,64.6667,32.22,97,100,9.78,overcast clouds
359,Along,IN,28.1667,94.7667,78.28,65,77,0.6,broken clouds
360,Palana,RU,59.1167,159.9667,24.87,74,98,9.73,overcast clouds
361,Ayr,GB,55.4627,-4.6339,36.32,86,0,6.91,clear sky
362,Batemans Bay,AU,-35.7167,150.1833,76.91,62,11,8.9,few clouds
363,Grindavik,IS,63.8424,-22.4338,37.87,87,100,26.46,overcast clouds
364,Puerto Lopez,CO,4.0845,-72.956,75.58,88,98,3.94,overcast clouds
365,Teguise,ES,29.0605,-13.564,55.62,82,0,8.05,clear sky
366,Comodoro Rivadavia,AR,-45.8667,-67.5,55.26,100,75,4.61,mist
367,Trenggalek,ID,-8.05,111.7167,85.69,66,14,4.47,few clouds
368,Lock Haven,US,41.137,-77.4469,43.7,84,76,6.26,broken clouds
369,Yining,CN,29.0361,114.5636,83.17,36,44,4.47,scattered clouds
370,Aktau,KZ,43.65,51.2,45.18,81,94,5.37,overcast clouds
371,Fershampenuaz,RU,53.5202,59.8117,40.68,81,100,11.72,overcast clouds
372,Miri,MY,4.4148,114.0089,82.54,83,40,6.91,light rain
373,Viedma,AR,-40.8135,-62.9967,62.15,92,100,17.72,heavy intensity rain
374,Sitka,US,57.0531,-135.33,42.69,65,75,12.66,broken clouds
375,Brekstad,NO,63.687,9.6654,41.0,87,75,13.8,broken clouds
376,Kruisfontein,ZA,-34.0033,24.7314,63.88,92,67,8.7,broken clouds
377,Zhezkazgan,KZ,47.8043,67.7144,48.18,66,40,17.9,scattered clouds
378,Wabrzezno,PL,53.2799,18.9477,36.07,82,23,14.65,few clouds
379,Mutoko,ZW,-17.397,32.2268,58.03,94,44,2.46,scattered clouds
380,Alekseyevsk,RU,57.8406,108.3492,34.07,79,81,1.88,broken clouds
381,Bogorodskoye,RU,56.55,37.8833,42.44,93,100,12.33,overcast clouds
382,Price,US,39.5994,-110.8107,51.12,34,0,12.66,clear sky
383,Taltal,CL,-25.4,-70.4833,62.4,80,3,3.67,clear sky
384,Torrington,US,41.8007,-73.1212,42.49,93,6,4.09,clear sky
385,Hofn,IS,64.2539,-15.2082,30.83,58,92,6.91,overcast clouds
386,Quang Ngai,VN,15.1167,108.8,79.57,71,30,4.59,scattered clouds
387,Kiunga,PG,-6.1219,141.2906,89.22,57,81,3.04,broken clouds
388,Gibara,CU,21.1097,-76.1317,78.12,81,87,14.18,overcast clouds
389,Koungou,YT,-12.7336,45.2042,76.71,100,0,2.3,light rain
390,Karatuzskoye,RU,53.6072,92.8667,32.76,91,97,10.63,light snow
391,Lagos,NG,6.5833,3.75,79.12,90,97,2.95,overcast clouds
392,Dikson,RU,73.5069,80.5464,9.55,93,97,6.55,overcast clouds
393,Jinchang,CN,38.4953,102.1739,66.65,16,0,12.8,clear sky
394,Teya,RU,60.3778,92.6267,25.16,89,100,6.29,overcast clouds
395,San Pedro,PH,14.35,121.0167,85.23,74,75,3.44,broken clouds
396,Kyrnasivka,UA,48.5955,28.979,41.09,88,100,14.85,overcast clouds
397,Lorengau,PG,-2.0226,147.2712,84.38,74,86,10.42,overcast clouds
398,Sao Geraldo Do Araguaia,BR,-6.4006,-48.555,73.58,96,97,2.75,overcast clouds
399,Muscat,OM,23.6139,58.5922,84.22,31,8,4.94,clear sky
400,Zlobin,HR,45.2924,14.6541,38.5,50,20,6.91,few clouds
401,Kaduqli,SD,11.0167,29.7167,85.06,34,55,2.53,broken clouds
402,Peabiru,BR,-23.9128,-52.3431,69.04,88,62,3.4,broken clouds
403,Magadan,RU,59.5667,150.8,27.54,78,88,1.59,overcast clouds
404,Clovis,US,36.8252,-119.7029,71.49,23,75,12.66,haze
405,Maun,BW,-19.9833,23.4167,60.76,100,0,9.22,clear sky
406,Kapuskasing,CA,49.4169,-82.4331,26.69,93,100,5.75,overcast clouds
407,Marawi,PH,7.9986,124.2928,76.15,72,100,3.51,overcast clouds
408,Marzuq,YE,14.4,46.4667,65.59,38,0,4.99,clear sky
409,Clyde River,CA,70.4692,-68.5914,-0.17,92,100,2.3,light snow
410,Boras,SE,57.721,12.9401,37.49,78,97,7.72,overcast clouds
411,Cabedelo,BR,-6.9811,-34.8339,77.67,84,74,10.22,broken clouds
412,Ronda,ES,36.7423,-5.1671,50.56,86,65,5.46,broken clouds
413,Kodinsk,RU,58.6881,99.1844,32.9,86,100,4.07,overcast clouds
414,Lavrentiya,RU,65.5833,-171.0,30.97,93,98,11.74,overcast clouds
415,Cervo,ES,43.6702,-7.4101,52.03,76,100,4.94,overcast clouds
416,Pratapgarh,IN,24.0333,74.7833,88.74,11,15,8.05,few clouds
417,Roald,NO,62.5833,6.1333,39.34,87,75,20.71,broken clouds
418,Sept-Iles,CA,50.2001,-66.3821,32.43,95,100,4.61,mist
419,Monduli,TZ,-3.3,36.45,58.69,86,92,3.02,overcast clouds
420,Vredendal,ZA,-31.6683,18.5012,67.86,44,0,12.33,clear sky
421,Husavik,IS,66.0449,-17.3389,21.34,81,96,7.18,overcast clouds
422,Makakilo City,US,21.3469,-158.0858,79.12,65,75,11.5,broken clouds
423,Shache,CN,38.4167,77.2406,72.07,19,27,5.39,scattered clouds
424,Lukuledi,TZ,-10.5667,38.8,67.32,98,6,2.39,clear sky
425,Roebourne,AU,-20.7833,117.1333,95.58,24,12,12.75,few clouds
426,Sibolga,ID,1.7427,98.7792,85.71,63,75,3.47,broken clouds
427,San Cristobal,VE,7.7669,-72.225,73.58,74,87,2.06,overcast clouds
428,Iquique,CL,-20.2208,-70.1431,64.44,74,54,3.29,broken clouds
429,Kirakira,SB,-10.4544,161.9205,84.54,70,91,8.43,overcast clouds
430,Kingaroy,AU,-26.5333,151.8333,79.75,51,21,8.63,few clouds
431,Cartagena,CO,10.3997,-75.5144,80.22,83,75,11.5,broken clouds
432,Kota Belud,MY,6.351,116.4305,84.47,64,88,11.79,overcast clouds
433,Kopervik,NO,59.2835,5.3067,37.54,81,20,19.57,few clouds
434,Musoma,TZ,-1.5,33.8,68.83,72,98,5.86,overcast clouds
435,Pangoa,PE,-12.1167,-73.0,67.77,99,90,2.13,overcast clouds
436,Lagoa,PT,39.05,-27.9833,55.17,67,76,36.69,broken clouds
437,Sabaudia,IT,41.3003,13.0282,48.9,90,10,5.28,clear sky
438,High Rock,BS,26.6208,-78.2833,71.62,52,55,17.69,broken clouds
439,Otavi,NA,-19.65,17.3333,65.91,66,71,3.89,broken clouds
440,Nieuwpoort,BE,51.1244,2.7735,42.01,96,20,3.44,few clouds
441,Zdvinsk,RU,54.7021,78.661,32.74,76,8,4.34,clear sky
442,Parkes,AU,-33.1333,148.1833,76.35,64,1,7.07,clear sky
443,Izhmorskiy,RU,56.194,86.6414,24.73,87,100,9.82,overcast clouds
444,Melbu,NO,68.5044,14.8297,33.62,93,100,3.44,snow
445,Hailar,CN,49.2,119.7,43.39,60,61,26.06,broken clouds
446,Palembang,ID,-2.9167,104.7458,86.09,70,75,5.75,broken clouds
447,Amursk,RU,50.2261,136.8994,33.89,90,99,2.64,light snow
448,Igarka,RU,67.4667,86.5833,1.08,94,96,5.06,overcast clouds
449,Tura,IN,25.5198,90.2201,79.02,72,1,3.69,clear sky
450,Catamarca,AR,-28.4696,-65.7852,70.59,85,19,12.12,few clouds
451,Rio Gallegos,AR,-51.6226,-69.2181,44.65,87,40,5.75,scattered clouds
452,Dhandhuka,IN,22.3667,71.9833,87.71,24,1,9.44,clear sky
453,Kitimat,CA,54.0524,-128.6534,39.58,92,71,1.52,broken clouds
454,Algeciras,ES,36.1333,-5.4505,58.68,94,20,6.71,few clouds
455,Portland,US,45.5234,-122.6762,47.66,65,100,9.22,overcast clouds
456,Piet Retief,ZA,-27.0071,30.8132,51.53,99,100,3.22,light rain
457,Manaus,BR,-3.1019,-60.025,77.49,88,0,3.44,clear sky
458,Iguai,BR,-14.7564,-40.0892,66.9,94,8,2.77,clear sky
459,Lermontovka,RU,47.1453,134.3383,52.09,49,99,7.65,overcast clouds
460,Aykhal,RU,66.0,111.5,23.61,78,34,4.07,scattered clouds
461,Maldonado,UY,-34.6667,-54.9167,65.59,85,95,8.52,overcast clouds
462,Inverell,AU,-29.7833,151.1167,79.11,54,62,5.01,broken clouds
463,Bara,NG,10.3744,10.7288,76.77,60,77,11.74,broken clouds
464,Okakarara,NA,-20.5833,17.4333,61.66,39,8,3.31,clear sky
465,Umm Kaddadah,SD,13.6017,26.6876,79.99,9,8,15.14,clear sky
466,Egvekinot,RU,66.3167,-179.1667,16.75,92,100,2.66,light snow
467,Fredericksburg,US,38.3032,-77.4605,48.42,62,100,6.91,overcast clouds
468,Yulara,AU,-25.2406,130.9889,89.44,11,0,6.91,clear sky
469,Trogir,HR,43.5125,16.2517,46.45,49,40,5.75,scattered clouds
470,New London,US,41.4834,-72.0662,46.76,79,0,8.05,clear sky
471,Nassau,US,40.7507,-73.5829,49.87,69,100,1.01,overcast clouds
472,Lucea,JM,18.451,-78.1736,80.46,77,43,13.27,scattered clouds
473,Mahanoro,MG,-19.9,48.8,73.47,89,91,4.56,light rain
474,Luganville,VU,-15.5333,167.1667,86.47,59,28,6.17,scattered clouds
475,Abilene,US,32.4487,-99.7331,76.08,18,0,17.27,clear sky
476,Atikokan,CA,48.7555,-91.6216,32.13,88,100,3.87,overcast clouds
477,Tazovskiy,RU,67.4667,78.7,-8.16,97,79,5.35,broken clouds
478,Tuy Hoa,VN,13.0833,109.3,79.54,69,84,6.29,broken clouds
479,Muros,ES,42.7762,-9.0603,56.08,91,100,9.1,overcast clouds
480,Leh,IN,34.1667,77.5833,33.15,66,15,3.67,few clouds
481,Mayumba,GA,-3.432,10.6554,74.82,91,83,4.16,broken clouds
482,Bubaque,GW,11.2833,-15.8333,76.46,70,6,13.47,clear sky
483,Dunedin,NZ,-45.8742,170.5036,60.91,57,7,5.46,clear sky
484,Krasnoselkup,RU,65.7,82.4667,0.1,92,60,5.5,broken clouds
485,Marsh Harbour,BS,26.5412,-77.0636,71.55,52,46,16.75,scattered clouds
486,Kavaratti,IN,10.5669,72.642,83.75,72,100,5.79,moderate rain
487,Daru,PG,-9.0763,143.2092,79.77,85,100,7.72,overcast clouds
488,Omsukchan,RU,62.5333,155.8,6.42,77,100,5.86,overcast clouds
489,Karaton,ID,-6.3424,106.1045,88.23,52,16,4.36,few clouds
490,Catuday,PH,16.2923,119.8062,83.48,64,93,1.77,overcast clouds
491,Petropavlovka,RU,50.6114,105.3196,37.87,41,100,7.78,overcast clouds
492,Jadu,LY,31.953,12.0261,58.75,27,73,2.04,broken clouds
493,Port Augusta,AU,-32.5,137.7667,87.91,19,0,8.14,clear sky
494,Kochi,IN,9.9399,76.2602,76.98,80,95,5.66,overcast clouds
495,Tigil,RU,57.8,158.6667,27.82,74,97,1.05,overcast clouds
496,Brae,GB,60.3964,-1.353,36.64,60,100,19.44,overcast clouds
497,Huarmey,PE,-10.0681,-78.1522,69.75,83,100,4.21,overcast clouds
498,Vanersborg,SE,58.3807,12.3234,39.58,60,100,10.36,overcast clouds
499,Wilmington,US,34.2257,-77.9447,49.91,50,20,14.97,few clouds
500,Sabang,ID,5.8933,95.3214,82.72,70,74,1.07,broken clouds
501,Tinskoy,RU,56.1525,96.9161,34.81,69,96,11.68,overcast clouds
502,Bilibino,RU,68.0546,166.4372,-2.22,75,98,2.1,overcast clouds
503,Tambo,PE,-14.8,-73.9167,38.7,82,97,3.44,overcast clouds
504,Marsa Matruh,EG,31.3525,27.2453,59.2,88,40,4.61,scattered clouds
505,Makurdi,NG,7.7411,8.5121,79.45,76,99,2.42,overcast clouds
506,San Juan,AR,-31.5375,-68.5364,72.25,53,0,2.77,clear sky
507,Caravelas,BR,-17.7125,-39.2481,75.43,86,40,5.17,scattered clouds
508,Pitimbu,BR,-7.4706,-34.8086,77.59,83,62,10.09,broken clouds
509,Satara,IN,17.6833,73.9833,82.06,40,40,3.09,scattered clouds
510,Santiago Del Estero,AR,-27.7951,-64.2615,70.29,91,100,6.55,overcast clouds
511,Yarmouth,US,41.7057,-70.2286,46.96,88,0,11.01,clear sky
512,Richards Bay,ZA,-28.783,32.0377,66.78,85,100,2.71,light rain
513,Saint-Joseph,RE,-21.3667,55.6167,77.38,82,29,13.22,light rain
514,Dongsheng,CN,39.8161,109.9776,70.02,15,51,10.09,broken clouds
515,Urumqi,CN,43.801,87.6005,49.15,17,0,6.71,clear sky
516,Neyyattinkara,IN,8.4,77.0833,82.26,82,92,5.86,overcast clouds
517,Rundu,NA,-17.9333,19.7667,63.01,88,3,5.75,clear sky
518,Coari,BR,-4.085,-63.1414,73.33,99,100,2.37,overcast clouds
519,Pontal Do Parana,BR,-25.6533,-48.5128,69.51,97,38,3.89,scattered clouds
520,Twentynine Palms,US,34.1356,-116.0542,80.74,23,0,10.09,clear sky
521,Rawson,AR,-43.3002,-65.1023,61.11,91,63,23.33,broken clouds
522,Verkhnevilyuysk,RU,63.4453,120.3167,27.63,82,100,4.9,overcast clouds
523,Brigantine,US,39.4101,-74.3646,50.05,66,100,8.05,overcast clouds
524,Inuvik,CA,68.3499,-133.7218,7.66,66,75,9.22,light snow
525,Peace River,CA,56.2501,-117.286,35.91,44,100,18.41,overcast clouds
526,Manakara,MG,-22.1333,48.0167,74.05,82,86,5.66,overcast clouds
527,Antalaha,MG,-14.9003,50.2788,73.02,87,80,8.34,broken clouds
528,Salalah,OM,17.0151,54.0924,78.89,73,0,2.3,clear sky
529,Marondera,ZW,-18.1853,31.5519,56.39,96,100,8.41,overcast clouds
530,Sandwick,GB,60.0,-1.25,37.22,65,100,9.22,overcast clouds
531,Rabo De Peixe,PT,37.8,-25.5833,56.71,72,40,26.46,scattered clouds
532,Kudahuvadhoo,MV,2.6708,72.8944,84.22,66,85,11.52,overcast clouds
533,Barcelos,PT,41.5388,-8.6151,57.34,91,100,4.99,overcast clouds
534,Masumbwe,TZ,-3.6333,32.1833,64.42,74,100,3.56,overcast clouds
535,Phuket,TH,8.0,98.25,88.09,74,40,2.3,scattered clouds
536,Entre Rios,BR,-11.9419,-38.0844,70.86,97,12,2.06,few clouds
537,Timizart,DZ,36.8,4.2667,51.58,75,7,5.06,clear sky
538,Taylorville,US,39.5489,-89.2945,42.87,65,0,0.0,clear sky
539,Kunming,CN,25.0389,102.7183,58.93,82,40,8.95,mist
540,Nuuk,GL,64.1835,-51.7216,25.41,74,75,4.61,broken clouds
541,Porto Nacional,BR,-10.7081,-48.4172,77.0,72,37,2.13,scattered clouds
542,Malabo,GQ,3.75,8.7833,75.06,94,20,0.0,few clouds
543,Mehamn,NO,71.0357,27.8492,31.6,84,100,12.3,overcast clouds
544,Saint-Leu,RE,-21.15,55.2833,77.86,77,6,9.15,clear sky
545,Kahului,US,20.8947,-156.47,77.02,80,75,20.71,broken clouds
546,Ravar,IR,31.2656,56.8055,73.65,15,100,7.23,overcast clouds
547,Slonim,BY,53.0867,25.3219,32.29,87,3,7.11,clear sky
548,Killybegs,IE,54.6333,-8.45,41.79,73,100,8.75,overcast clouds
549,Ampanihy,MG,-24.7,44.75,70.25,86,89,9.62,overcast clouds
550,Xiamen,CN,24.4798,118.0819,80.65,54,0,4.47,clear sky
551,Baghmara,IN,23.795,86.2085,88.68,39,0,5.57,clear sky
552,Derzhavinsk,KZ,51.1,66.3167,40.19,70,100,16.42,overcast clouds
553,Kharp,RU,66.8014,65.8081,21.94,95,100,2.46,light snow
554,Mount Isa,AU,-20.7333,139.5,96.57,24,23,11.5,few clouds
555,Talaya,RU,61.3833,152.75,7.52,78,100,7.85,overcast clouds
556,Manggar,ID,-2.8833,108.2667,85.17,67,100,5.32,very heavy rain
557,Port Hedland,AU,-20.3167,118.5667,100.45,20,6,5.75,clear sky
558,Domoni,KM,-12.2569,44.5319,78.73,84,37,1.77,light rain
559,Hobyo,SO,5.3505,48.5268,81.48,73,58,7.67,broken clouds
560,Vondrozo,MG,-22.8167,47.2833,65.97,96,92,2.37,light rain
561,Tignere,CM,7.3667,12.65,65.88,87,100,2.15,overcast clouds
562,Itarema,BR,-2.9248,-39.9167,75.81,89,89,6.6,overcast clouds
563,Rosetta,EG,31.4044,30.4164,59.22,79,23,6.44,few clouds
564,Garbolovo,RU,60.3413,30.4955,33.69,96,40,5.86,scattered clouds
565,Tibagi,BR,-24.5094,-50.4136,64.81,96,100,2.06,overcast clouds
566,Romny,UA,50.751,33.4747,47.68,92,100,7.74,overcast clouds
567,Hami,CN,42.8,93.45,61.79,18,100,8.28,overcast clouds
568,Mersing,MY,2.4312,103.8405,85.91,79,40,3.44,scattered clouds
569,Yantal,RU,56.8471,105.2542,32.97,77,100,3.65,light snow
570,Ewa Beach,US,21.3156,-158.0072,80.55,65,75,11.5,broken clouds
571,Luzhou,CN,28.8724,105.4405,78.94,51,0,3.33,clear sky
572,Loiza,PR,18.4313,-65.8802,75.81,83,20,5.75,few clouds
573,Svetlaya,RU,46.5389,138.3297,36.93,82,98,4.5,overcast clouds
574,Shestakovo,RU,56.4915,103.96,32.61,88,100,7.85,light snow
575,Chara,RU,56.9064,118.2631,19.67,84,100,1.61,overcast clouds
576,Vicuna,CL,-30.0319,-70.7081,46.13,60,0,1.39,clear sky
577,Korla,CN,41.7597,86.1469,68.07,27,92,10.16,overcast clouds
578,Syracuse,IT,37.0881,15.2792,56.32,72,4,15.88,clear sky
579,Atasu,KZ,48.6814,71.6433,46.4,60,100,13.73,overcast clouds
580,Nyurba,RU,63.2842,118.3319,27.03,89,100,3.4,overcast clouds
581,Cootehill,IE,54.0725,-7.0819,35.2,83,100,4.79,overcast clouds
582,Ferreira Do Alentejo,PT,38.05,-8.0333,49.59,100,20,6.91,fog
583,Puerto Baquerizo Moreno,EC,-0.9,-89.6,78.19,86,74,8.32,broken clouds
584,Melendugno,IT,40.2747,18.3368,55.49,82,40,8.05,scattered clouds
585,Oboyan,RU,51.2098,36.2792,49.71,82,100,12.33,overcast clouds
586,Nekrasovskoye,RU,57.6766,40.3657,42.69,87,100,8.95,overcast clouds
587,College,US,64.8569,-147.8028,20.28,40,75,6.91,broken clouds
588,Neuquen,AR,-38.9516,-68.0591,57.09,54,0,3.44,clear sky
589,Buraydah,SA,26.326,43.975,70.25,16,80,8.46,broken clouds
590,Ranot,TH,7.7777,100.3213,83.89,72,19,0.96,few clouds
591,Emerald,AU,-23.5333,148.1667,89.74,43,40,10.36,scattered clouds
592,Semnan,IR,35.5729,53.3971,63.82,35,1,3.65,clear sky
593,Saint-Augustin,CA,51.226,-58.6502,32.72,99,100,4.9,overcast clouds
594,Ankang,CN,32.68,109.0172,79.61,46,0,1.86,clear sky
595,San Carlos De Bariloche,AR,-41.1456,-71.3082,37.15,87,75,12.66,broken clouds
596,San Matias,BO,-16.3667,-58.4,76.28,84,37,5.35,scattered clouds
597,Bac Lieu,VN,9.285,105.7244,83.91,67,62,5.53,broken clouds
598,Sokolovo,RU,52.5318,84.7896,35.91,67,10,1.92,clear sky
599,Dembi Dolo,ET,8.5333,34.8,60.01,77,97,4.5,light rain
600,Yumen,CN,40.2833,97.2,58.19,16,100,13.13,overcast clouds
601,Guarapari,BR,-20.6667,-40.4975,78.89,91,100,7.49,overcast clouds
602,Shaoyang,CN,27.2315,111.4525,73.29,63,74,4.99,broken clouds
603,Ust-Nera,RU,64.5667,143.2,9.36,77,28,9.26,scattered clouds
604,Humaita,BR,-7.5061,-63.0208,74.16,98,96,2.06,moderate rain
605,Barpeta,IN,26.3167,91.0,77.14,67,45,9.8,scattered clouds
606,Turki,RU,51.987,43.2731,43.07,95,12,7.07,few clouds
607,Maloy,NO,61.9353,5.1136,38.93,81,100,31.36,overcast clouds
608,Nara,JP,34.6851,135.8049,77.97,31,1,5.19,clear sky
609,Piterka,RU,50.6803,47.4454,47.23,91,96,3.78,overcast clouds
610,Plettenberg Bay,ZA,-34.0527,23.3716,59.4,83,4,6.11,clear sky
611,Porto Novo,BJ,6.4965,2.6036,80.04,85,100,4.85,overcast clouds
612,Yangambi,CD,0.8102,24.4336,71.55,80,100,1.48,overcast clouds
613,Weifang,CN,36.71,119.1019,83.57,30,0,16.42,clear sky
614,Borzna,UA,51.2546,32.4269,41.68,94,100,11.03,overcast clouds
615,Touros,BR,-5.1989,-35.4608,78.6,87,100,10.18,overcast clouds
616,Pontes E Lacerda,BR,-15.2261,-59.3353,72.27,94,45,2.68,scattered clouds
617,Korhogo,CI,9.45,-5.6333,77.52,66,47,9.06,scattered clouds
618,Bismarck,US,46.8083,-100.7837,50.81,40,100,10.0,overcast clouds
619,Bad Bevensen,DE,53.0833,10.5833,36.59,86,15,11.92,few clouds
620,Konin,PL,52.2234,18.2512,34.48,83,4,13.76,clear sky
621,Najran,SA,17.4924,44.1277,63.25,19,0,5.17,clear sky
622,Son Tay,VN,21.1378,105.505,78.73,54,18,3.58,few clouds
623,Bullhead City,US,35.1478,-114.5683,91.69,8,0,13.8,clear sky
624,Pinerolo,IT,44.8833,7.35,42.35,38,0,3.0,clear sky
625,Ruidoso,US,33.3317,-105.673,62.87,9,0,21.85,clear sky
626,Pierre,US,44.3683,-100.351,56.32,38,75,13.8,broken clouds
627,Khash,IR,28.2211,61.2158,71.47,13,100,1.72,overcast clouds
628,Qingdao,CN,36.0986,120.3719,67.6,56,0,15.66,clear sky
629,Leningradskiy,RU,69.3833,178.4167,-4.04,85,100,6.6,overcast clouds
630,Port Hawkesbury,CA,45.6169,-61.3485,42.44,98,100,5.75,fog
631,Snasa,NO,64.2457,12.3778,33.69,99,100,6.29,snow
632,Buala,SB,-8.145,159.5921,85.12,69,83,5.03,light rain
633,Burns Lake,CA,54.2331,-125.7533,31.42,65,100,4.03,overcast clouds
634,Shaygino,RU,57.7675,46.8618,37.31,98,100,6.58,overcast clouds
635,Teplyk,UA,48.6657,29.745,43.16,84,100,15.35,overcast clouds
636,Port Moresby,PG,-9.4431,147.1797,90.82,66,40,11.5,haze
637,Belle Fourche,US,44.6714,-103.8522,46.33,36,83,3.67,broken clouds
638,Eydhafushi,MV,5.1033,73.0708,84.18,73,47,11.07,scattered clouds
639,Quatre Cocos,MU,-20.2078,57.7625,78.1,80,33,15.3,light rain
640,Savelugu,GH,9.6244,-0.8253,84.49,58,100,10.69,overcast clouds
641,Montgomery,US,39.1501,-77.1997,46.31,71,20,8.05,few clouds
642,Pathein,MM,16.7833,94.7333,91.49,43,17,9.82,few clouds
643,Ende,ID,-8.8432,121.6623,87.03,60,43,3.87,scattered clouds
644,Sawtell,AU,-30.3833,153.1,78.19,64,2,10.36,clear sky
645,Vrangel,RU,42.7297,133.0839,47.14,70,34,21.92,scattered clouds
646,Alexandria,EG,31.2156,29.9553,58.96,88,20,5.75,few clouds
647,Tuatapere,NZ,-46.1333,167.6833,62.78,55,7,6.69,clear sky
648,Clarence Town,AU,-32.5833,151.7833,78.62,65,46,4.32,scattered clouds
649,Port Blair,IN,11.6667,92.75,86.04,70,20,4.61,haze
650,San Clemente,US,33.427,-117.612,65.46,82,3,14.0,clear sky
651,Wiwili,NI,13.6268,-85.8254,72.79,75,55,5.79,broken clouds
652,Chulakivka,UA,46.3576,32.3514,47.59,88,100,11.43,overcast clouds
653,Burnie,AU,-41.0667,145.9167,67.89,79,100,12.86,overcast clouds
654,Bombo,ID,-8.6131,119.0131,87.37,59,44,4.88,scattered clouds
655,Sainte-Suzanne,RE,-20.9061,55.6089,79.02,81,100,14.97,overcast clouds
656,Victor Harbor,AU,-35.5667,138.6167,82.0,33,57,1.99,broken clouds
657,Katobu,ID,-4.9408,122.5276,89.01,52,89,3.04,overcast clouds
658,Cayenne,GF,4.9333,-52.3333,82.09,1,75,8.01,broken clouds
659,Yanam,IN,16.7333,82.2167,88.83,58,41,5.03,scattered clouds
660,Lokosovo,RU,61.1333,74.8167,12.92,83,100,2.46,overcast clouds
661,Santa Maria,BR,-29.6842,-53.8069,63.7,100,20,4.61,few clouds
662,Los Llanos De Aridane,ES,28.6585,-17.9182,56.95,72,75,5.75,broken clouds
663,Sur,OM,22.5667,59.5289,87.76,40,100,2.71,overcast clouds
664,Odienne,CI,9.51,-7.5692,80.06,63,82,3.04,broken clouds
665,Mudgee,AU,-32.5943,149.5871,73.78,56,40,6.91,scattered clouds
666,Narasannapeta,IN,18.4167,84.05,86.9,64,15,11.92,few clouds
667,Dubbo,AU,-32.25,148.6167,77.13,53,40,8.05,scattered clouds
668,Gornyak,RU,50.9942,81.4661,38.77,57,0,8.1,clear sky
669,Torbay,CA,47.6666,-52.7314,34.75,96,100,12.66,light snow
670,Harper,LR,4.375,-7.7169,78.78,87,100,2.33,light rain
671,Arkul,RU,57.2808,50.044,36.52,99,100,5.82,overcast clouds
672,Ovalle,CL,-30.5983,-71.2003,63.39,58,0,2.17,clear sky
673,Madang,PG,-5.2246,145.7966,84.49,67,78,5.44,broken clouds
674,Nemuro,JP,43.3236,145.575,38.71,85,53,9.57,broken clouds
675,Deputatskiy,RU,69.3,139.9,1.35,74,9,3.02,clear sky
676,Dalbandin,PK,28.8947,64.4101,83.14,7,65,1.45,broken clouds
677,Moussoro,TD,13.6408,16.4901,83.82,11,100,8.41,overcast clouds
678,Avera,US,33.194,-82.5271,40.51,61,13,5.1,few clouds
679,Mao,ES,39.8885,4.2658,48.76,76,20,5.75,few clouds
680,Moroni,KM,-11.7022,43.2551,78.8,83,20,6.91,few clouds
681,Coruripe,BR,-10.1256,-36.1756,79.66,75,93,6.93,overcast clouds
682,Poronaysk,RU,49.2167,143.1167,36.63,68,22,7.92,few clouds
683,Falmouth,GB,50.1544,-5.0711,41.58,70,20,5.75,few clouds
684,Ivdel,RU,60.6911,60.4206,34.92,99,100,5.79,overcast clouds
685,Sikeston,US,36.8767,-89.5879,49.89,61,0,0.0,clear sky
686,Ruston,US,32.5232,-92.6379,58.82,44,0,6.91,clear sky
687,Panino,RU,51.6467,40.1346,46.65,73,72,11.25,broken clouds
688,Christchurch,NZ,-43.5333,172.6333,63.91,62,29,17.27,scattered clouds
689,Mendi,PG,-6.1761,143.6513,64.92,87,92,2.77,overcast clouds
690,Quesnel,CA,52.9999,-122.5029,32.5,64,0,3.44,clear sky
691,Sailana,IN,23.4667,74.9167,87.58,12,0,6.78,clear sky
692,Dunmore Town,BS,25.5,-76.65,73.58,56,98,15.1,overcast clouds
693,Sechura,PE,-5.5569,-80.8222,71.8,73,98,11.45,overcast clouds
694,Saint-Pierre,RE,-21.3393,55.4781,78.48,79,100,12.66,overcast clouds
695,Araguaina,BR,-7.1911,-48.2072,73.65,94,81,2.13,broken clouds
696,Wooster,US,40.8051,-81.9351,38.12,76,100,11.5,overcast clouds
697,Atar,MR,20.5169,-13.0499,73.35,9,0,6.53,clear sky
698,Arcata,US,40.8665,-124.0828,48.92,76,0,18.41,clear sky
699,Carman,CA,49.4992,-98.0016,45.52,75,34,10.36,scattered clouds
700,Shiraz,IR,29.6036,52.5388,53.04,37,0,4.61,dust
701,Birjand,IR,32.8663,59.2211,68.47,12,75,18.41,sand
702,Carroll,US,39.5501,-77.0164,45.5,68,0,8.05,clear sky
703,Dinghai,CN,26.2847,119.7936,77.92,79,0,7.34,clear sky
704,Dzhebariki-Khaya,RU,62.2167,135.8,28.87,90,100,3.4,light snow
705,Wagar,SD,16.1525,36.2032,81.1,44,0,7.02,clear sky
706,Katherine,AU,-14.4667,132.2667,97.12,16,94,6.91,overcast clouds
